<?xml version="1.0" encoding="UTF-8"?>

<!--
File appender logback configuration provided for import, equivalent to the programmatic
initialization performed by Boot
-->

<included>
	<appender name="FILE"
		class="ch.qos.logback.core.rolling.RollingFileAppender">
		<encoder>
			<pattern>${FILE_LOG_PATTERN}</pattern>
		</encoder>
		<file>${LOG_FILE}</file>
		<rollingPolicy class="ch.qos.logback.core.rolling.SizeAndTimeBasedRollingPolicy">
			<cleanHistoryOnStart>${LOG_FILE_CLEAN_HISTORY_ON_START:-false}</cleanHistoryOnStart>
			<fileNamePattern>${ROLLING_FILE_NAME_PATTERN:-${LOG_FILE}.%d{yyyy-MM-dd}.%i.gz}</fileNamePattern>
			<maxFileSize>${LOG_FILE_MAX_SIZE:-10MB}</maxFileSize>
			<maxHistory>${LOG_FILE_MAX_HISTORY:-7}</maxHistory>
			<totalSizeCap>${LOG_FILE_TOTAL_SIZE_CAP:-0}</totalSizeCap>
		</rollingPolicy>
	</appender>
</included>
